Creature,Attack,Defence,Speed,HP,Fitness,
6,5.320405,5.045738,4.113484,5.051875,0.02865913
4,6.737947,5.870004,6.486847,5.483755,0.3234425
