Creature,Attack,Defence,Speed,HP,Fitness,
7,6.145267,4.202116,7.268308,5.66279,0.06899109
6,5.506064,6.935435,3.31691,5.50495,0.3687265
9,6.725808,4.931367,7.083308,5.698335,0.8390083
2,4.907309,4.381593,5.659701,6.300665,0.7231479
12,6.773906,4.974574,7.414248,4.816514,0.3918714
13,6.057594,5.526021,4.761818,6.137263,0.5453531
0,2.914903,4.946888,4.597349,7.862335,1.298885
11,6.238957,6.216408,3.397642,6.142813,0.6786631
