Creature,Attack,Defence,Speed,HP,Fitness,
1,5.201873,5.907722,2.849164,4.58657,0.2810017
4,6.129967,3.551398,6.47453,5.324946,0.6122466
3,5.627969,5.734929,4.669288,3.13876,0.8032521
8,4.890872,5.26058,5.967488,5.473409,0.7923368
13,5.134544,4.974169,6.240833,4.514644,0.2512754
15,4.295244,5.753364,6.823823,5.555372,0.1803618
10,3.443867,6.809724,5.083957,5.073746,0.8239325
