Creature,Attack,Defence,Speed,HP,
0,4.41611,5.757987,4.763494,5.779429
1,6.238332,5.081608,5.229414,5.282815
2,4.770773,4.665139,3.62185,4.765283
3,5.421084,5.620539,5.762905,5.536485
4,5.827929,5.288291,6.531037,5.860242
5,6.820996,3.027438,6.552619,7.483709
6,4.951289,5.431079,5.95565,3.632584
7,3.148754,6.488254,4.778318,5.070266
8,7.223424,5.29059,4.864717,5.815753
9,5.052107,5.160694,6.320926,5.831856
Creature,Attack,Defence,Speed,HP,Fitness,
