Creature,Attack,Defence,Speed,HP,Fitness,
1,7.064678,6.86708,6.919278,3.996743,0.3054966
