Creature,Attack,Defence,Speed,HP,
0,5.0285,5.32249,6.327565,6.192616
1,7.142482,6.678926,7.455062,5.803306
2,3.120174,7.09689,3.810928,5.847375
3,4.537992,6.156071,5.825127,5.361982
4,6.214118,7.083713,6.088174,5.814871
5,7.948586,4.81831,4.801029,4.3628
6,7.2263,7.5294,5.982598,6.739737
7,4.724755,6.587453,3.272619,6.287924
8,5.512252,6.271691,5.453406,4.471901
9,5.089306,7.117829,5.925256,4.55416
Creature,Attack,Defence,Speed,HP,Fitness,
