Creature,Attack,Defence,Speed,HP,Fitness,
4,5.228597,4.218382,5.394882,5.121542,0.06899109
1,4.227251,4.490889,4.363016,6.720549,0.268388
0,4.467337,6.422867,7.48445,4.415606,0.4776473
10,5.18962,6.352535,5.283451,6.40368,0.5360267
3,5.022145,5.984751,6.916051,5.080305,1.337254
12,6.396447,5.805848,5.872883,5.348008,0.8098281
13,4.119081,7.185553,7.729146,5.823914,0.9782739
