Creature,Attack,Defence,Speed,HP,
0,5.514129,7.032308,3.490076,4.729549
1,6.835321,6.793969,4.133084,6.646175
2,7.390689,6.229241,3.993238,4.919851
3,4.317329,5.855392,3.808284,6.408975
4,7.518638,4.734906,4.494793,4.627192
5,3.971445,5.399017,4.9309,7.096951
6,4.97891,5.419807,4.967958,6.690971
7,6.791202,7.39704,4.039025,4.390862
8,6.189402,4.831265,4.306496,3.789091
9,8.608736,5.282324,3.968036,5.298365
Creature,Attack,Defence,Speed,HP,Fitness,
