Creature,Attack,Defence,Speed,HP,Fitness,
1,5.073533,4.1495,5.93597,6.318309,0.03819623
4,6.988152,4.841116,6.454733,6.251909,0.2417035
8,4.839896,4.850514,6.577495,5.806791,0.2599699
0,5.348881,7.304226,5.235836,5.369542,0.7650652
11,6.350926,4.449025,5.300108,5.527757,0.7864279
7,7.95647,6.965487,5.40242,5.589908,2.049355
9,5.028712,6.07085,5.424551,3.473645,1.34597
6,5.107781,5.101573,3.896938,7.657252,3.591803
