Creature,Attack,Defence,Speed,HP,Fitness,
4,5.746732,4.524166,5.106008,6.728478,0.04154802
8,7.645457,4.61191,6.466301,5.327124,0.092842
9,6.333014,5.090226,4.500697,6.55395,0.1563682
5,5.170756,2.458018,4.916516,7.205397,0.1428558
2,3.343203,5.993078,4.39915,4.291429,0
