Creature,Attack,Defence,Speed,HP,Fitness,
5,5.010499,5.525843,4.00955,6.337907,0.06899109
