Creature,Attack,Defence,Speed,HP,Fitness,
9,4.142148,6.781725,4.966394,5.44219,0.0382087
0,5.47434,4.396305,6.766619,6.010686,0.7494487
2,6.841337,5.638988,5.609883,5.863683,0.9352475
8,6.228105,4.286291,3.477861,4.53143,1.23115
3,6.135043,3.670259,3.997956,6.954614,1.397893
5,3.93218,6.361804,6.706912,4.854922,2.245458
14,4.527287,4.921542,4.188182,4.977439,0.7179731
