Creature,Attack,Defence,Speed,HP,Fitness,
6,5.234946,2.419399,4.938617,5.273713,0.09223992
14,4.618738,3.741502,3.403818,3.801191,0.2504539
0,4.366669,5.091869,6.25643,5.304331,0.4361935
12,5.696607,5.597407,5.082645,7.101625,0.5981146
11,5.53095,5.411663,3.09909,3.092679,0.6325115
