Creature,Attack,Defence,Speed,HP,Fitness,
3,4.524102,6.349212,6.637295,6.633574,0.2837571
1,4.478495,7.17771,8.084068,3.128531,0.3283326
9,5.520897,6.605381,4.620716,6.138308,0.7751692
