Creature,Attack,Defence,Speed,HP,Fitness,
6,3.67101,4.643147,5.503167,5.476913,0.03980584
9,4.663174,6.435436,5.359284,4.429959,0.5412838
0,5.507091,6.090384,3.679308,5.701776,0.5495147
1,7.341476,5.958055,5.764786,4.088157,0.6995901
12,8.538925,4.245499,4.917417,5.606149,0.3322146
2,4.763117,5.70266,6.299412,7.648736,2.09331
3,6.916505,7.499107,7.378163,4.225106,1.990381
13,4.287549,5.553075,8.072712,6.48799,0.4680969
