Creature,Attack,Defence,Speed,HP,Fitness,
1,4.544516,4.749754,6.747691,5.627505,0.07197884
11,5.844152,4.540198,6.380092,6.441066,0.4401996
12,3.841378,5.103543,6.95376,6.476014,0.3094494
9,5.836975,4.068748,6.98367,5.381854,0.5453904
13,4.685786,4.653647,7.194924,6.172693,0.5304087
3,6.006896,6.069667,4.96395,6.341063,0.4390593
7,5.065469,5.747138,3.752956,2.853773,0.7100316
8,5.891529,3.761666,5.151036,4.730843,1.114683
5,5.310692,4.488987,7.433866,5.623092,0.7800875
