Creature,Attack,Defence,Speed,HP,Fitness,
9,6.410746,4.650344,5.013239,6.477057,0.02783833
5,4.891647,5.652691,4.620904,5.086801,0.2144608
7,5.230338,5.253566,5.867394,5.923332,0.3006974
0,5.219919,6.844283,5.622775,5.372796,0.392325
