Creature,Attack,Defence,Speed,HP,Fitness,
3,7.729641,6.732228,5.782345,5.553057,0.02693417
0,5.216002,5.282609,6.579813,4.153176,0.3069335
4,4.714224,7.231474,4.674143,4.662683,0.4841467
7,6.973178,5.077795,6.43349,4.462957,0.4243797
5,7.843975,5.539911,6.007071,5.031797,0.5627208
