Creature,Attack,Defence,Speed,HP,Fitness,
0,5.619324,5.052509,6.569165,5.179252,0.101974
