Creature,Attack,Defence,Speed,HP,Fitness,
2,3.448445,4.936198,3.978107,5.33463,0.03864225
9,4.37083,6.137291,4.679479,5.186289,0.3838631
6,6.736017,5.209687,4.212666,3.71194,0.387779
10,3.302687,4.647417,4.067028,6.261535,0.3188619
3,7.213202,5.289197,5.732605,5.524621,0.5232217
5,5.369487,6.417112,5.195765,5.215246,0.6627172
11,6.037386,4.29745,4.06572,4.939588,0.6149237
13,5.410054,3.018185,4.444098,4.632455,0.313304
