Creature,Attack,Defence,Speed,HP,Fitness,
2,4.249003,4.447963,2.829552,6.417859,0.06899109
4,6.430018,7.728203,4.781196,6.307068,0.2546866
1,5.779288,5.383449,3.513558,6.614927,0.397979
9,5.377127,3.715626,4.907796,5.683235,0.4288206
5,5.742272,6.116454,4.400681,4.81147,0.6403368
0,5.64292,4.69547,4.964685,6.233537,0.8394135
