Creature,Attack,Defence,Speed,HP,Fitness,
5,7.08191,6.757776,5.02813,6.717003,0.2193643
8,6.238225,6.458574,6.399605,5.51161,1.145742
3,4.267738,5.393024,7.450775,3.597148,1.633624
6,6.77692,5.248693,5.969916,6.771525,1.293001
0,4.38752,5.187095,2.930368,6.309146,3.215333
18,4.338273,4.340267,6.766099,5.204865,0.6476288
7,4.152071,8.149871,5.710275,5.6836,3.93099
19,5.146469,6.725515,6.26473,7.676163,2.077412
