Creature,Attack,Defence,Speed,HP,Fitness,
1,3.769161,8.252926,4.332627,5.337081,0.0985859
