Creature,Attack,Defence,Speed,HP,Fitness,
8,5.846734,6.823247,2.611901,6.482979,0.06899109
1,4.416868,5.236127,5.067059,6.820495,0.2420569
9,5.150078,3.526876,5.464375,6.43295,0.3910082
7,5.36401,4.565918,4.192329,4.214886,0.7044077
5,6.046966,5.534828,5.115964,5.71459,0.7736906
4,5.649808,5.606907,8.850315,5.001266,0.8321374
13,5.599824,5.003464,4.510386,6.485362,0.3942822
10,4.943844,4.564939,5.131074,5.971746,1.624599
12,3.772105,6.26366,6.045442,5.593933,1.363329
