Creature,Attack,Defence,Speed,HP,Fitness,
5,6.170753,6.735407,3.615498,4.862575,0.04128931
7,4.126933,4.910244,5.866985,5.322061,0.55902
2,3.682003,3.455857,7.782919,5.686407,0.8434471
