Creature,Attack,Defence,Speed,HP,Fitness,
5,5.372223,4.76604,6.528887,4.428806,0.04026327
6,4.531217,5.482874,3.708619,5.033583,0.2331987
1,3.630524,6.457118,5.883671,6.760534,0.5310466
