Creature,Attack,Defence,Speed,HP,Fitness,
9,4.134812,5.46049,4.78429,6.608516,0.06899109
2,4.670783,5.385513,5.446612,6.137542,0.3426097
8,7.019453,5.15092,3.071316,5.525024,0.2436063
1,4.345621,6.202084,6.235843,5.834646,1.304476
0,6.745076,4.528923,7.964545,5.733581,0.5250757
5,6.739109,5.326368,4.308421,5.048637,0.8337155
4,5.428376,7.648811,5.978185,7.059123,1.414878
3,4.386449,4.881438,7.413296,6.551302,0.9478177
6,4.889138,6.839687,4.200253,3.930284,0.5356638
