Creature,Attack,Defence,Speed,HP,
0,5.288516,5.339942,6.393914,6.277926
1,6.693347,6.006188,6.634914,6.477494
2,3.883731,3.862633,7.05002,4.334848
3,5.061072,6.761778,7.230613,5.482519
4,7.623003,6.519015,5.192452,5.560342
5,7.059255,6.193162,5.62399,5.509067
6,7.706434,5.471099,5.739638,4.272986
7,5.335916,5.441646,6.182467,4.546187
8,5.834711,4.120333,6.288618,5.563595
9,6.519974,4.310184,7.183349,5.121223
10,7.70013,4.984634,7.74845,5.178023
