Creature,Attack,Defence,Speed,HP,Fitness,
1,3.818134,5.923343,6.199401,5.894178,0.3670658
10,5.055346,4.065417,5.149536,5.906045,0.1978688
5,7.348761,4.750371,7.56349,4.467318,0.5930719
4,4.555791,6.095589,6.87127,6.630707,1.429497
0,5.029224,5.425042,6.68819,7.158714,0.9237367
13,6.063713,5.502536,6.87127,5.070418,0.2029207
9,7.167412,4.800253,5.105168,4.876707,0.7563218
3,6.45311,7.906374,5.45654,7.029223,1.19311
