Creature,Attack,Defence,Speed,HP,Fitness,
9,7.231011,4.810894,5.992953,2.546749,0.04268092
3,5.733868,3.328712,5.276282,7.038838,0.4834526
7,3.612958,6.964642,4.915555,4.229875,0.6473238
11,6.026978,2.980021,6.346416,5.722717,0.2607102
12,6.351115,3.423829,5.402924,3.701416,0.3776906
