Creature,Attack,Defence,Speed,HP,Fitness,
7,3.222692,7.522353,4.804267,6.700883,0.01830275
2,5.138885,6.622033,6.62579,5.415794,0.4478079
6,7.344166,4.952651,4.354134,4.800201,0.7725626
11,4.992196,5.850679,7.639009,4.632956,0.3716961
13,6.611059,5.925885,5.916858,5.797488,0.1142187
