Creature,Attack,Defence,Speed,HP,
0,5.718074,5.704481,5.31905,6.213803
1,5.541856,5.281418,5.710735,6.000463
2,3.396159,6.632662,6.080421,6.019587
3,6.396498,6.581444,6.145644,6.618839
4,5.591688,6.284498,3.968331,5.385106
5,3.938476,5.819721,4.546849,4.213045
6,6.659911,2.652425,4.075391,4.086967
7,6.198539,5.762645,4.971127,8.531033
8,5.572746,7.238808,3.794078,5.861116
9,4.389707,5.8473,4.859772,3.715055
10,3.799389,7.618538,6.534754,6.313472
