Creature,Attack,Defence,Speed,HP,Fitness,
3,4.624008,7.941933,5.997151,6.844507,0.7122447
2,7.678328,6.885561,5.945732,7.058753,1.378276
0,5.650523,5.441839,5.442803,6.637448,0.7715425
8,3.256981,5.386745,6.646075,4.421939,1.708537
13,7.287184,4.589931,6.497514,5.113578,0.3143461
7,3.954757,4.732986,6.932803,3.590047,0.9292496
