Creature,Attack,Defence,Speed,HP,Fitness,
8,6.537294,4.515594,7.118544,6.515103,0.0377598
9,4.490252,6.142472,6.688615,4.527037,0.2191257
7,5.531205,2.951481,7.860136,6.265558,0.397522
3,6.901095,6.767768,4.456861,5.435833,0.6371055
5,8.225303,4.759719,5.635026,5.469135,1.381156
1,6.79178,4.723392,5.514711,4.182672,0.7564368
10,5.722852,4.769623,4.073615,7.211636,0.8276828
