Creature,Attack,Defence,Speed,HP,Fitness,
9,5.013992,6.417197,4.269808,5.614863,0.07469355
5,5.674027,6.065922,5.827731,5.023041,0.3173679
8,6.162094,6.474281,3.885911,6.562321,0.986441
10,4.398672,4.928091,6.281141,5.69063,1.015292
6,5.124451,5.230575,5.188598,4.495559,1.177385
