Creature,Attack,Defence,Speed,HP,Fitness,
8,5.451827,6.489929,5.410461,4.923042,0.0389205
3,6.844978,5.170469,4.829295,7.22048,0.4622766
5,5.942123,6.018483,7.600683,4.422803,0.485325
11,5.461744,6.386447,6.880887,6.2024,0.1223969
9,5.575231,4.823143,7.057552,5.204396,0.8089297
0,8.041925,5.06708,4.619352,4.214067,1.378592
4,6.286562,5.54751,5.311594,8.433603,1.789004
7,6.203948,6.44873,5.787652,6.823775,1.286611
