Creature,Attack,Defence,Speed,HP,
0,3.70499,6.111413,6.720881,6.296247
1,6.312868,6.54497,5.683652,7.776188
2,5.57155,5.616943,6.872027,6.804914
3,7.046886,2.706856,6.325777,5.984066
4,4.905776,5.595068,3.923509,5.710045
5,4.324269,3.077831,4.692526,6.792751
6,5.504426,4.150962,6.965683,6.174708
7,3.815814,5.285558,3.157532,6.158397
8,6.095374,6.856011,3.455485,6.517946
9,6.248073,2.852332,5.774144,5.969968
