Creature,Attack,Defence,Speed,HP,Fitness,
5,5.010499,5.525843,4.00955,6.337907,0.06899109
Creature,Attack,Defence,Speed,HP,Fitness,
9,7.553499,4.932903,5.442042,4.221169,0.0183648
12,5.390481,7.493386,5.948834,6.096039,0.2027822
2,7.2524,5.227349,7.908223,3.276861,0.4118084
