Creature,Attack,Defence,Speed,HP,Fitness,
2,4.058954,5.96676,4.135218,4.325758,0.03776079
9,5.055813,6.448872,5.242611,5.525352,0.2410506
6,3.293538,6.939025,5.740057,7.818526,0.1055578
5,4.130344,3.573742,5.329198,5.337247,0.2609312
