Creature,Attack,Defence,Speed,HP,Fitness,
8,4.758563,4.240763,3.578149,5.485698,0.02636847
2,5.533545,2.418891,7.045197,6.577311,0.2770728
1,4.668093,5.480769,3.326356,5.172751,0.4264254
9,6.703765,5.933822,5.703736,4.686063,0.8750111
4,5.682029,5.538574,3.835057,6.337169,0.6633878
6,3.311724,6.646608,3.859422,4.134076,0.6821567
13,5.732783,3.90752,6.49999,5.864649,0.2347723
