Creature,Attack,Defence,Speed,HP,Fitness,
3,4.596168,5.587326,6.974142,5.955707,0.03861459
