Creature,Attack,Defence,Speed,HP,Fitness,
0,6.303705,5.385662,5.621828,2.805604,0.1110861
7,6.587925,5.231754,4.501278,3.559798,0.7555081
8,6.891805,6.055168,7.037036,6.251381,0.4525885
10,6.879943,5.43335,5.023902,4.324053,0.8232669
9,7.509178,5.368076,4.996544,7.309967,0.9246058
