Creature,Attack,Defence,Speed,HP,Fitness,
4,7.333461,7.097332,5.711119,6.630398,0.02090786
7,3.738587,4.435979,6.106736,4.409896,0.279663
2,4.990636,6.037781,4.964012,6.613622,0.3783219
10,6.436183,6.182027,5.976597,3.970828,0.5410612
1,5.388216,7.241039,4.588385,5.267849,0.8566805
